risk_free_rate,market_risk_premium,beta,cost_of_equity
0.04205999851226807,0.065,1.8582324447044025,0.16284510741805425
